[
    {
        "datum": "2010-01-08t00:00:00z",
        "rok": 2010,
        "zavineni": "řidičem motorového vozidla",
        "viditelnost": "v noci - s veřejným osvětlením, viditelnost nezhoršená vlivem povětrnostních podmínek",
        "situovani": "žádné z uvedenýc",
        "mesic_t": "leden",
        "doba": "den",
        "den_v_tydnu": "pátek",
        "alkohol": "ne",
        "alkohol_vinik": "ne",
        "hlavni_pricina": "nesprávný způsob jízdy",
        "srazka": "srážka s pevnou překážkou",
        "nasledky": "nehoda pouze s hmotnou škodou",
        "pricina": "nezvládnutí řízení vozidla",
        "stav_vozovky": "na vozovce je náledí, ujetý sníh - neposypané",
        "povetrnostni_podm": "sněžení",
        "rozhled": "dobré",
        "misto_nehody": "čerpadlo pohonných hmot",
        "druh_komun": "komunikace sledovaná (ve vybraných městech)",
        "usmrceno_os": 0,
        "tezce_zran_os": 0,
        "lehce_zran_os": 0,
        "hmotna_skoda": 8000,
        "smrt": 0,
        "tz": 0,
        "lz": 0,
        "vek_skupina": "45-60",
        "pohlavi": "žena",
        "druh_vozidla": "nákladní automobil s návěsem",
        "stav_ridic": "dobrý -žádné nepříznivé okolnosti nebyly zjiště",
        "osoba": "řidič",
        "ozn_osoba": "připoutaný bezpečnostními pásy (i na zadních sedadlech)",
        "nasledek": "se zraněním",
        "ZSJ": "Brněnské Ivanovice",
        "MC": "Brno-Tuřany",
        "x": 16.660896181000055,
        "y": 49.16286867500003,
        "_id": "{dde73846-18ca-4aaa-b665-6e056563b7e6}"
    },
    {
        "datum": "2010-01-11t00:00:00z",
        "rok": 2010,
        "zavineni": "řidičem motorového vozidla",
        "viditelnost": "ve dne, viditelnost nezhoršená vlivem povětrnostních podmínek",
        "situovani": "na jízdním pruhu",
        "mesic_t": "leden",
        "doba": "noc",
        "den_v_tydnu": "pondělí",
        "alkohol": "nezjišťován",
        "alkohol_vinik": "nezjišťováno",
        "hlavni_pricina": "nesprávný způsob jízdy",
        "srazka": "srážka s vozidlem zaparkovaným, odstaveným",
        "nasledky": "nehoda pouze s hmotnou škodou",
        "pricina": "řidič se plně nevěnoval řízení vozidla",
        "stav_vozovky": "povrch mokrý",
        "povetrnostni_podm": "neztížené",
        "rozhled": "dobré",
        "misto_nehody": "žádné nebo žádné z uvedených",
        "druh_komun": "komunikace místní",
        "usmrceno_os": 0,
        "tezce_zran_os": 0,
        "lehce_zran_os": 0,
        "hmotna_skoda": 1000,
        "smrt": 0,
        "tz": 0,
        "lz": 0,
        "vek_skupina": null,
        "pohlavi": null,
        "druh_vozidla": "osobní automobil bez přívěsu",
        "stav_ridic": null,
        "osoba": null,
        "ozn_osoba": null,
        "nasledek": null,
        "ZSJ": "Příční",
        "MC": "Brno-střed",
        "x": 16.610302078000075,
        "y": 49.199756285000035,
        "_id": "{12345134-d2a0-41d5-bdfc-1921e7be5735}"
    }
]